id,embedding
7daeed59892c416ea900465372fc4fda,"[-0.00843683  0.01427262 -0.00772947 ... -0.02007156  0.0050621
 -0.01179683]"
f5517e62480f493d87ca4a26ddc46032,"[ 0.00215505 -0.01672534 -0.01102903 ... -0.01499069 -0.00543119
 -0.00844599]"
c40183701ae2414aac1d216398631b00,"[ 0.01187594  0.01724211 -0.0169862  ... -0.0266469  -0.02010513
 -0.00479036]"
514af793180947569506632740ec4226,"[-0.01478931  0.02611366 -0.01833607 ... -0.02383838 -0.02517678
 -0.01539159]"
3003aca343c04dbdb03a07f52cf7537c,"[-0.01157783 -0.00825984 -0.01612602 ... -0.02394298 -0.00596817
  0.00476962]"
416606a9ee724e0aabdfb997b8227993,"[-0.01926638  0.01184159 -0.0144079  ... -0.02458177 -0.013753
 -0.02573927]"
