id,embedding
d39173a54ea8333401c6fc92b0a3d24d6c60b5d03c0352c9c996f419c9935c19c152374823ea381dddec2726266a2113d77facffeff2c7b69001481158285e85,"[-0.01330329  0.00139194 -0.01900874 ... -0.00814156 -0.00761197
  0.01007632]"
a5374a22bae550dbb85e0b0ed12e1af3ef3b86816411b2f80b235561cc85af264ec4398b7f5c86941b6b9c65ee7870b340b0c7f84fd5b337101f00b7d6b5271f,"[-0.00217008  0.0012483  -0.00779249 ... -0.00169406 -0.00939941
  0.01090361]"
424a2ccaaaab6a0b5dbe807e07dc6d8da118def8918a0f21d3ff6cf3717a68da6b539145a4b473a9d5c064ba10a3f6f44bb84698efbb7da8e087110d8d1b109c,"[ 0.01212182 -0.00067577 -0.0148096  ...  0.00063318 -0.01758161
  0.0164483 ]"
3d55262dfdf71a867fcf94b7ec83f592a1dd0bcc9c79a56a663d67b8d7b304366dc63397a71bad01b38e49843338d934aa9c2ccccc69e1636897177a2e65414c,"[ 0.01448163  0.02126806 -0.0083841  ... -0.02579723 -0.00503119
 -0.00597294]"
798058df5e7d5a87fb3fad31c0bf4e241352da07fc38b66ecabdc11fd4f99ba7ec04d68af920a5cb52771d449022350bf74189e3d0ecf0c5c928df7eda544da8,"[ 0.02010719  0.00101974 -0.00934549 ... -0.01913355 -0.00730601
 -0.00047898]"
f983d5325bafbd0aaf1f0a33224d1bd433640b7713800b31bee21e11cda05343e224c75142dd953558eb58eeb203f7caf75856a0239bcd6ef7097188c6cbd8a6,"[ 0.00153902 -0.02368135 -0.00477646 ... -0.00925922  0.00375625
  0.01095185]"
9281918a7bf42b02b47a116bdf4ee131ce4423cbea2dd0213e48cb75c7a048f3f3c8acb51bc6464f92335db75b4605d74e5e8ce60d215285de6fd647fa121867,"[ 0.00779247 -0.02753812 -0.01937458 ... -0.0090241  -0.01303481
  0.00986098]"
8f467b4d992cf2d7bd6c762a947adf5fa6aa94ab17b1502ee94ed006ddf046b9e32b8d89dab8a97ba8cc73cb326a06c3ab68099e9cebcd5ab056cf1587775fe2,"[-0.00343357 -0.00480563 -0.01066775 ... -0.00856164 -0.00681913
  0.00576607]"
