id,embedding
ed98ee57b08c466a891b197095d0750c,"[-0.00445395 -0.00314193 -0.01275187 ... -0.03046024 -0.01847563
 -0.01398716]"
401d92ae596447928fd0523505e5884b,"[ 0.00504308 -0.01833847 -0.01749208 ... -0.02758608 -0.00202389
 -0.0101802 ]"
5b3da8744642407a81101a56ce9006ac,"[ 0.0034754  -0.01017396 -0.0162044  ... -0.0184225  -0.00292473
 -0.013917  ]"
e41ee254ab2749e49ad71603a021e80a,"[-0.00480158 -0.01085288 -0.01238032 ... -0.02804939 -0.01108674
  0.00877731]"
244fbd6abbde45ec8d2b0a385ab41ffe,"[-0.00652377  0.00142248 -0.01674024 ... -0.01577934 -0.01170546
 -0.00433992]"
310878dad474432c99428076fff5e12d,"[-0.00741953  0.00703415 -0.01390604 ... -0.01349226  0.00033061
 -0.01263226]"
